{
  "ShipFromAddress": "Valuecart Pvt Ltd 2nd Floor, 1/1 Vinayaka Towers, 1st Cross, Gandhinagar, Bangalore, Bengaluru (Bangalore) Urban, Karnataka, 560009 Bangalore KARNATAKA 560009",
  "ShipToAddress": "BLR7 Amazon Seller Services Private Limited Bangalore KARNATAKA 562107",
  "AppointmentID": null,
  "AppointmentDate": null,
  "GSTIN": "29AAFCV5265N1ZK",
  "FBAShipmentID": "FBA15JKNXWTF",
  "lstPackageDetail": [
    {
      "SNo": 1,
      "ProductName": "B01MQV4IWA-X001DJE37B KaTur 9006 HB4 LED Fog Light Bulbs Max 80W High Power Super Bright 2000 Lumens 6500K Xenon White wi",
      "ASIN": "B01MQV4IWA",
      "MerchantSKU": "RK-2AM-CL-1210-9006-White-FBA",
      "FNSKU": "X001DJE37B",
      "HSNCode": "85392930",
      "MRPInINR": 100.0,
      "Qty": 10,
      "BoxNumbers": 1,
      "WeightPerUnit": 102.0
    },
    {
      "SNo": 2,
      "ProductName": "B01MQV4IWA-X001DJE37B KaTur 9006 HB4 LED Fog Light Bulbs Max 80W High Power Super Bright 2000 Lumens 6500K Xenon White wi",
      "ASIN": "B01MQV4IWA",
      "MerchantSKU": "RK-2AM-CL-1210-9006-White-FBA",
      "FNSKU": "X001DJE37B",
      "HSNCode": "85392930",
      "MRPInINR": 100.0,
      "Qty": 10,
      "BoxNumbers": 2,
      "WeightPerUnit": 102.0
    },
    {
      "SNo": 3,
      "ProductName": "B01MQV4IWA-X001DJE37B KaTur 9006 HB4 LED Fog Light Bulbs Max 80W High Power Super Bright 2000 Lumens 6500K Xenon White wi",
      "ASIN": "B01MQV4IWA",
      "MerchantSKU": "RK-2AM-CL-1210-9006-White-FBA",
      "FNSKU": "X001DJE37B",
      "HSNCode": "85392930",
      "MRPInINR": 100.0,
      "Qty": 5,
      "BoxNumbers": 3,
      "WeightPerUnit": 102.0
    },
    {
      "SNo": 4,
      "ProductName": "B075R3K52C-X001DJJ1FP KaTur 9006 HB4 Led Fog Light Bulb Max 80W High Power CSP Chips Extremely Bright 1600 Lumens 6500K X",
      "ASIN": "B075R3K52C",
      "MerchantSKU": "RK-2AM-CL-1248-9006-FBA",
      "FNSKU": "X001DJJ1FP",
      "HSNCode": "85392930",
      "MRPInINR": 100.0,
      "Qty": 10,
      "BoxNumbers": 1,
      "WeightPerUnit": 102.0
    },
    {
      "SNo": 5,
      "ProductName": "B075R3K52C-X001DJJ1FP KaTur 9006 HB4 Led Fog Light Bulb Max 80W High Power CSP Chips Extremely Bright 1600 Lumens 6500K X",
      "ASIN": "B075R3K52C",
      "MerchantSKU": "RK-2AM-CL-1248-9006-FBA",
      "FNSKU": "X001DJJ1FP",
      "HSNCode": "85392930",
      "MRPInINR": 100.0,
      "Qty": 10,
      "BoxNumbers": 2,
      "WeightPerUnit": 102.0
    },
    {
      "SNo": 6,
      "ProductName": "B07VHNQBGQ-X001DJF50Z KATUR H7 LED Headlights Bulbs Super Bright CREE Chips 16000LM Waterproof All-in-One LED Headlight C",
      "ASIN": "B07VHNQBGQ",
      "MerchantSKU": "RK-2AM-CL-1251-H7A-FBA",
      "FNSKU": "X001DJF50Z",
      "HSNCode": "85392930",
      "MRPInINR": 100.0,
      "Qty": 10,
      "BoxNumbers": 2,
      "WeightPerUnit": 102.0
    },
    {
      "SNo": 7,
      "ProductName": "B07VHNQBGQ-X001DJF50Z KATUR H7 LED Headlights Bulbs Super Bright CREE Chips 16000LM Waterproof All-in-One LED Headlight C",
      "ASIN": "B07VHNQBGQ",
      "MerchantSKU": "RK-2AM-CL-1251-H7A-FBA",
      "FNSKU": "X001DJF50Z",
      "HSNCode": "85392930",
      "MRPInINR": 100.0,
      "Qty": 10,
      "BoxNumbers": 3,
      "WeightPerUnit": 102.0
    },
    {
      "SNo": 8,
      "ProductName": "B07VHNQBGQ-X001DJF50Z KATUR H7 LED Headlights Bulbs Super Bright CREE Chips 16000LM Waterproof All-in-One LED Headlight C",
      "ASIN": "B07VHNQBGQ",
      "MerchantSKU": "RK-2AM-CL-1251-H7A-FBA",
      "FNSKU": "X001DJF50Z",
      "HSNCode": "85392930",
      "MRPInINR": 100.0,
      "Qty": 10,
      "BoxNumbers": 4,
      "WeightPerUnit": 102.0
    },
    {
      "SNo": 9,
      "ProductName": "B07CWSYZDW-X001DJE2O5 KaTur H16 5202 LED Fog Light Bulbs High Power 3030 Chips Super Bright 2700 Lumens with Projector fo",
      "ASIN": "B07CWSYZDW",
      "MerchantSKU": "RK-2AM-CL-1261-H16/5202-FBA",
      "FNSKU": "X001DJE2O5",
      "HSNCode": "85392930",
      "MRPInINR": 100.0,
      "Qty": 10,
      "BoxNumbers": 3,
      "WeightPerUnit": 102.0
    },
    {
      "SNo": 10,
      "ProductName": "B07CWSYZDW-X001DJE2O5 KaTur H16 5202 LED Fog Light Bulbs High Power 3030 Chips Super Bright 2700 Lumens with Projector fo",
      "ASIN": "B07CWSYZDW",
      "MerchantSKU": "RK-2AM-CL-1261-H16/5202-FBA",
      "FNSKU": "X001DJE2O5",
      "HSNCode": "85392930",
      "MRPInINR": 100.0,
      "Qty": 10,
      "BoxNumbers": 4,
      "WeightPerUnit": 102.0
    },
    {
      "SNo": 11,
      "ProductName": "B07CWSYZDW-X001DJE2O5 KaTur H16 5202 LED Fog Light Bulbs High Power 3030 Chips Super Bright 2700 Lumens with Projector fo",
      "ASIN": "B07CWSYZDW",
      "MerchantSKU": "RK-2AM-CL-1261-H16/5202-FBA",
      "FNSKU": "X001DJE2O5",
      "HSNCode": "85392930",
      "MRPInINR": 100.0,
      "Qty": 5,
      "BoxNumbers": 5,
      "WeightPerUnit": 102.0
    }
  ],
  "SignatureURL": "E:\\Working Folder\\RK2022_TFS\\Python\\OpenAI_HSNCode\\Input\\valuecartSignature.png"
}
